Dst Port,Protocol,Timestamp,Flow Duration,Tot Fwd Pkts,Tot Bwd Pkts,TotLen Fwd Pkts,TotLen Bwd Pkts,Flow Byts/s,Flow Pkts/s,Pkt Len Min,Pkt Len Max,FIN Flag Cnt,SYN Flag Cnt,RST Flag Cnt,PSH Flag Cnt,ACK Flag Cnt,URG Flag Cnt,CWE Flag Count,ECE Flag Cnt
53,17,1719672044.904991,0.0,0,1,0,92,0,0,92,92,0,0,0,0,0,0,0,0
63574,17,1719672044.9137955,0.0,0,1,0,227,0,0,227,227,0,0,0,0,0,0,0,0
443,6,1719672044.9158125,0.0,1,0,66,0,0,0,66,66,0,1,0,0,0,0,0,0
52307,6,1719672044.9579794,0.0,1,0,66,0,0,0,66,66,0,1,0,0,1,0,0,0
443,6,1719672044.9625223,0.04670977592468262,2,0,120,0,2569.055355638925,42.81758926064875,54,66,0,1,0,0,1,0,0,0
443,6,1719672044.9625223,0.04670977592468262,3,0,691,0,14793.477089554144,64.22638389097312,54,571,0,1,0,1,2,0,0,0
52307,6,1719672045.008273,0.0502934455871582,2,0,219,0,4354.444151583818,39.76661325647322,66,153,0,1,0,1,2,0,0,0
443,6,1719672045.0131772,0.09736466407775879,4,0,1182,0,12139.927880365447,41.082666261812,54,571,0,1,0,2,3,0,0,0
52307,6,1719672045.0681622,0.1101827621459961,3,0,1725,0,15655.806465573203,27.2274895053447,66,1506,0,1,0,1,3,0,0,0
52307,6,1719672045.077672,0.1101827621459961,4,0,3231,0,29324.006197256243,36.3033193404596,66,1506,0,1,0,1,4,0,0,0
52307,6,1719672045.078018,0.12003850936889648,5,0,4737,0,39462.3360861845,41.65329964765094,66,1506,0,1,0,1,5,0,0,0
52307,6,1719672045.078018,0.12003850936889648,6,0,4965,0,41361.72655011738,49.983959577181125,66,1506,0,1,0,2,6,0,0,0
443,6,1719672045.083058,0.16724562644958496,5,0,1236,0,7390.327784580864,29.896147995877282,54,571,0,1,0,2,4,0,0,0
443,6,1719672045.0880985,0.1722860336303711,6,0,6984,0,40537.23829398577,34.825806094489494,54,5748,0,1,0,3,5,0,0,0
53,17,1719672045.0931432,0.18815231323242188,0,2,0,184,0.0,0.0,92,92,0,0,0,0,0,0,0,0
53,17,1719672045.0977504,0.19275951385498047,0,3,0,276,0.0,0.0,92,92,0,0,0,0,0,0,0,0
443,6,1719672045.0977504,0.0,1,0,172,0,0,0,172,172,0,0,0,1,1,0,0,0
443,6,1719672045.0977504,0.0,2,0,265,0,0,0,93,172,0,0,0,2,2,0,0,0
443,6,1719672045.1091661,0.011415719985961914,3,0,7555,0,661806.7024498235,262.79551387815627,93,7290,0,0,0,3,3,0,0,0
58345,17,1719672045.1127288,0.19893336296081543,0,2,0,335,0.0,0.0,108,227,0,0,0,0,0,0,0,0
50103,17,1719672045.1182828,0.20448732376098633,0,3,0,635,0.0,0.0,108,300,0,0,0,0,0,0,0,0
52307,6,1719672045.1253514,0.1673719882965088,7,0,5122,0,30602.492401094572,41.82300796713432,66,1506,0,1,0,3,7,0,0,0
52307,6,1719672045.1279595,0.16998004913330078,8,0,5176,0,30450.632450052457,47.06434690889097,54,1506,0,1,0,3,8,0,0,0
52307,6,1719672045.1279595,0.16998004913330078,9,0,5695,0,33503.93195576676,52.94739027250234,54,1506,1,1,0,4,9,0,0,0
443,6,1719672045.1279595,0.21214699745178223,7,0,7038,0,33175.11011014723,32.995989026858574,54,5748,0,1,0,3,6,0,0,0
443,6,1719672045.1279595,0.21214699745178223,8,0,7116,0,33542.7797021608,37.709701744981224,54,5748,0,1,0,4,7,0,0,0
443,6,1719672045.136285,0.21214699745178223,9,0,7170,0,33797.320188939426,42.42341446310388,54,5748,1,1,0,4,8,0,0,0
52307,6,1719672045.1778347,0.21985530853271484,10,0,5749,0,26149.016088663328,45.48446006029453,54,1506,1,1,0,4,10,0,0,0
443,6,1719672045.2841144,0.0,1,0,55,0,0,0,55,55,0,0,0,0,1,0,0,0
52284,6,1719672045.2880476,0.0,1,0,54,0,0,0,54,54,0,0,0,0,1,0,0,0
52284,6,1719672045.2880476,0.0,2,0,108,0,0,0,54,54,0,0,0,0,2,0,0,0
52284,6,1719672045.2985947,0.010168075561523438,3,0,162,0,15932.218345526167,295.0410804727068,54,54,0,0,0,0,3,0,0,0
52284,6,1719672045.300252,0.012204408645629883,4,0,255,0,20894.08896442595,327.7504151282502,54,93,0,0,0,1,4,0,0,0
52302,6,1719672045.308565,0.0,1,0,66,0,0,0,66,66,0,0,0,0,1,0,0,0
443,6,1719672045.3486726,0.25092220306396484,4,0,7609,0,30324.139940937475,15.941195921113142,54,7290,0,0,0,3,4,0,0,0
443,6,1719672045.4656146,0.0,1,0,55,0,0,0,55,55,0,0,0,0,1,0,0,0
52228,6,1719672045.513233,0.0,1,0,66,0,0,0,66,66,0,0,0,0,1,0,0,0
52284,6,1719672045.5447962,0.25674867630004883,5,0,408,0,1589.1026426293688,19.474297091046186,54,153,0,0,0,2,5,0,0,0
443,6,1719672045.5447962,0.44704580307006836,5,0,7698,0,17219.712045464483,11.18453627271011,54,7290,0,0,0,4,5,0,0,0
52284,6,1719672045.817944,0.5298964977264404,6,0,462,0,871.86837803655,11.322965948526623,54,153,0,0,0,2,6,0,0,0
443,17,1719672046.1615696,0.0,0,1,0,226,0,0,226,226,0,0,0,0,0,0,0,0
57476,17,1719672046.1881874,0.0,0,1,0,74,0,0,74,74,0,0,0,0,0,0,0,0
443,17,1719672046.2108645,0.04929494857788086,0,2,0,301,0.0,0.0,75,226,0,0,0,0,0,0,0,0
57476,17,1719672046.2432134,0.05502605438232422,0,2,0,189,0.0,0.0,74,115,0,0,0,0,0,0,0,0
443,17,1719672046.2479734,0.08640384674072266,0,3,0,381,0.0,0.0,75,226,0,0,0,0,0,0,0,0
52192,6,1719672046.2505994,0.0,1,0,179,0,0,0,179,179,0,0,0,1,1,0,0,0
52185,6,1719672046.2505994,0.0,2,0,358,0,0,0,179,179,0,0,0,2,2,0,0,0
52174,6,1719672046.2589765,0.0,1,0,142,0,0,0,142,142,0,0,0,1,1,0,0,0
57476,17,1719672046.2782812,0.09009385108947754,0,3,0,257,0.0,0.0,68,115,0,0,0,0,0,0,0,0
443,17,1719672046.2782812,0.11671161651611328,0,4,0,544,0.0,0.0,75,226,0,0,0,0,0,0,0,0
443,6,1719672046.2911046,0.0,1,0,54,0,0,0,54,54,0,0,0,0,1,0,0,0
443,6,1719672046.307999,0.01689434051513672,2,0,108,0,6392.6733276884,118.38283940163703,54,54,0,0,0,0,2,0,0,0
4070,6,1719672046.307999,0.0,1,0,54,0,0,0,54,54,0,0,0,0,1,0,0,0
57476,17,1719672046.3180432,0.12985587120056152,0,4,0,331,0.0,0.0,68,115,0,0,0,0,0,0,0,0
443,17,1719672046.3234663,0.1618967056274414,0,5,0,619,0.0,0.0,75,226,0,0,0,0,0,0,0,0
57476,17,1719672046.3553104,0.16712307929992676,0,5,0,413,0.0,0.0,68,115,0,0,0,0,0,0,0,0
57476,17,1719672046.3580682,0.16988086700439453,0,6,0,819,0.0,0.0,68,406,0,0,0,0,0,0,0,0
443,17,1719672046.3580682,0.19649863243103027,0,6,0,699,0.0,0.0,75,226,0,0,0,0,0,0,0,0
443,17,1719672046.371175,0.20960545539855957,0,7,0,774,0.0,0.0,75,226,0,0,0,0,0,0,0,0
57476,17,1719672046.3779085,0.18972110748291016,0,7,0,887,0.0,0.0,68,406,0,0,0,0,0,0,0,0
60861,17,1719672046.388117,0.0,0,1,0,120,0,0,120,120,0,0,0,0,0,0,0,0
60861,17,1719672046.3931384,0.005021333694458008,0,2,0,184,0.0,0.0,64,120,0,0,0,0,0,0,0,0
443,17,1719672046.4029002,0.0,0,1,0,75,0,0,75,75,0,0,0,0,0,0,0,0
443,17,1719672046.473012,0.07011175155639648,0,2,0,1367,0.0,0.0,75,1292,0,0,0,0,0,0,0,0
443,17,1719672046.4780257,0.07512545585632324,0,3,0,2659,0.0,0.0,75,1292,0,0,0,0,0,0,0,0
443,17,1719672046.4780257,0.07512545585632324,0,4,0,2781,0.0,0.0,75,1292,0,0,0,0,0,0,0,0
443,17,1719672046.5132406,0.11034035682678223,0,5,0,3389,0.0,0.0,75,1292,0,0,0,0,0,0,0,0
61476,17,1719672046.515844,0.12772703170776367,0,3,0,1476,0.0,0.0,64,1292,0,0,0,0,0,0,0,0
61476,17,1719672046.5426562,0.1545391082763672,0,4,0,2768,0.0,0.0,64,1292,0,0,0,0,0,0,0,0
61476,17,1719672046.5426562,0.1545391082763672,0,5,0,3117,0.0,0.0,64,1292,0,0,0,0,0,0,0,0
61476,17,1719672046.5500994,0.16198229789733887,0,6,0,4102,0.0,0.0,64,1292,0,0,0,0,0,0,0,0
61476,17,1719672046.5500994,0.16198229789733887,0,7,0,4200,0.0,0.0,64,1292,0,0,0,0,0,0,0,0
61476,17,1719672046.5566306,0.16851353645324707,0,8,0,4266,0.0,0.0,64,1292,0,0,0,0,0,0,0,0
443,17,1719672046.5704706,0.1675703525543213,0,6,0,4681,0.0,0.0,75,1292,0,0,0,0,0,0,0,0
443,17,1719672046.5764658,0.17356562614440918,0,7,0,4754,0.0,0.0,73,1292,0,0,0,0,0,0,0,0
61476,17,1719672046.5780387,0.18992161750793457,0,9,0,4428,0.0,0.0,64,1292,0,0,0,0,0,0,0,0
61476,17,1719672046.605099,0.2169818878173828,0,10,0,4492,0.0,0.0,64,1292,0,0,0,0,0,0,0,0
443,17,1719672046.6081338,0.20523357391357422,0,8,0,4827,0.0,0.0,73,1292,0,0,0,0,0,0,0,0
443,17,1719672046.6100335,0.20713329315185547,0,9,0,4901,0.0,0.0,73,1292,0,0,0,0,0,0,0,0
61476,17,1719672046.6812003,0.29308319091796875,0,11,0,4733,0.0,0.0,64,1292,0,0,0,0,0,0,0,0
61476,17,1719672046.6812003,0.29308319091796875,0,12,0,4796,0.0,0.0,63,1292,0,0,0,0,0,0,0,0
443,17,1719672046.6865804,0.2836802005767822,0,10,0,4978,0.0,0.0,73,1292,0,0,0,0,0,0,0,0
443,17,1719672046.6882446,0.28534436225891113,0,11,0,5504,0.0,0.0,73,1292,0,0,0,0,0,0,0,0
61476,17,1719672046.7089112,0.32079410552978516,0,13,0,4863,0.0,0.0,63,1292,0,0,0,0,0,0,0,0
443,17,1719672046.7164085,0.3135082721710205,0,12,0,5577,0.0,0.0,73,1292,0,0,0,0,0,0,0,0
60861,17,1719672046.7224424,0.33432531356811523,0,14,0,4934,0.0,0.0,63,1292,0,0,0,0,0,0,0,0
443,17,1719672046.7296937,0.3267934322357178,0,13,0,5652,0.0,0.0,73,1292,0,0,0,0,0,0,0,0
60861,17,1719672046.854849,0.4667320251464844,0,15,0,5061,0.0,0.0,63,1292,0,0,0,0,0,0,0,0
443,17,1719672046.860354,0.45745372772216797,0,14,0,5731,0.0,0.0,73,1292,0,0,0,0,0,0,0,0
60861,17,1719672046.890021,0.5019040107727051,0,16,0,5128,0.0,0.0,63,1292,0,0,0,0,0,0,0,0
443,17,1719672047.0916696,0.6887693405151367,0,15,0,5802,0.0,0.0,71,1292,0,0,0,0,0,0,0,0
60861,17,1719672047.124051,0.7359340190887451,0,17,0,5195,0.0,0.0,63,1292,0,0,0,0,0,0,0,0
53561,6,1719672047.1753402,0.0,1,0,332,0,0,0,332,332,0,0,0,1,1,0,0,0
5222,6,1719672047.2180054,0.0,1,0,54,0,0,0,54,54,0,0,0,0,1,0,0,0
443,17,1719672047.336659,0.9337587356567383,0,16,0,5873,0.0,0.0,71,1292,0,0,0,0,0,0,0,0
60861,17,1719672047.3677883,0.9796712398529053,0,18,0,5262,0.0,0.0,63,1292,0,0,0,0,0,0,0,0
5222,6,1719672047.4579144,0.23990893363952637,2,0,180,0,750.2846904003077,8.336496560003418,54,126,0,0,0,1,2,0,0,0
53561,6,1719672047.4678588,0.2929563522338867,2,0,388,0,1324.4293801495505,6.826955567781189,56,332,0,0,0,1,2,0,0,0
443,17,1719672047.578783,1.1758828163146973,0,17,0,5944,0.0,0.0,71,1292,0,0,0,0,0,0,0,0
60861,17,1719672047.6121027,1.2239856719970703,0,19,0,5329,0.0,0.0,63,1292,0,0,0,0,0,0,0,0
443,17,1719672047.8183162,1.4154160022735596,0,18,0,6015,0.0,0.0,71,1292,0,0,0,0,0,0,0,0
60861,17,1719672047.849309,1.4611918926239014,0,20,0,5396,0.0,0.0,63,1292,0,0,0,0,0,0,0,0
443,17,1719672048.0532527,1.6503524780273438,0,19,0,6086,0.0,0.0,71,1292,0,0,0,0,0,0,0,0
53,17,1719672048.0693598,3.1643688678741455,0,4,0,351,0.0,0.0,75,92,0,0,0,0,0,0,0,0
56793,17,1719672048.08321,3.169414520263672,0,4,0,726,0.0,0.0,91,300,0,0,0,0,0,0,0,0
443,17,1719672048.088127,0.0,0,1,0,1292,0,0,1292,1292,0,0,0,0,0,0,0,0
443,17,1719672048.088127,0.0,0,2,0,2584,0,0,1292,1292,0,0,0,0,0,0,0,0
60861,17,1719672048.0931702,1.7050530910491943,0,21,0,5463,0.0,0.0,63,1292,0,0,0,0,0,0,0,0
443,17,1719672048.098475,0.010348081588745117,0,3,0,2701,0.0,0.0,117,1292,0,0,0,0,0,0,0,0
53028,17,1719672048.1400695,0.0,0,1,0,1292,0,0,1292,1292,0,0,0,0,0,0,0,0
53028,17,1719672048.1681147,0.028045177459716797,0,2,0,2584,0.0,0.0,1292,1292,0,0,0,0,0,0,0,0
53028,17,1719672048.1731477,0.03307819366455078,0,3,0,2934,0.0,0.0,350,1292,0,0,0,0,0,0,0,0
53028,17,1719672048.1731477,0.03307819366455078,0,4,0,3606,0.0,0.0,350,1292,0,0,0,0,0,0,0,0
53028,17,1719672048.1783972,0.038327693939208984,0,5,0,3673,0.0,0.0,67,1292,0,0,0,0,0,0,0,0
443,17,1719672048.2142475,0.12612056732177734,0,4,0,3993,0.0,0.0,117,1292,0,0,0,0,0,0,0,0
443,17,1719672048.2179961,0.1298692226409912,0,5,0,4114,0.0,0.0,117,1292,0,0,0,0,0,0,0,0
443,17,1719672048.2179961,0.1298692226409912,0,6,0,4187,0.0,0.0,73,1292,0,0,0,0,0,0,0,0
443,17,1719672048.2179961,0.1298692226409912,0,7,0,5475,0.0,0.0,73,1292,0,0,0,0,0,0,0,0
443,17,1719672048.2230186,0.13489174842834473,0,8,0,6763,0.0,0.0,73,1292,0,0,0,0,0,0,0,0
443,17,1719672048.2230186,0.13489174842834473,0,9,0,8055,0.0,0.0,73,1292,0,0,0,0,0,0,0,0
443,17,1719672048.228256,0.14012908935546875,0,10,0,9105,0.0,0.0,73,1292,0,0,0,0,0,0,0,0
53028,17,1719672048.23028,0.0902104377746582,0,6,0,3835,0.0,0.0,67,1292,0,0,0,0,0,0,0,0
53028,17,1719672048.2402186,0.10014915466308594,0,7,0,3902,0.0,0.0,67,1292,0,0,0,0,0,0,0,0
53028,17,1719672048.2433946,0.10332512855529785,0,8,0,3973,0.0,0.0,67,1292,0,0,0,0,0,0,0,0
53028,17,1719672048.2482896,0.10802507400512695,0,9,0,4040,0.0,0.0,67,1292,0,0,0,0,0,0,0,0
443,17,1719672048.2482896,0.16016268730163574,0,11,0,9179,0.0,0.0,73,1292,0,0,0,0,0,0,0,0
53028,17,1719672048.2482896,0.10822010040283203,0,10,0,4108,0.0,0.0,67,1292,0,0,0,0,0,0,0,0
53028,17,1719672048.268442,0.1283724308013916,0,11,0,4995,0.0,0.0,67,1292,0,0,0,0,0,0,0,0
53028,17,1719672048.278635,0.1385655403137207,0,12,0,5255,0.0,0.0,67,1292,0,0,0,0,0,0,0,0
443,17,1719672048.278635,0.19050812721252441,0,12,0,9256,0.0,0.0,73,1292,0,0,0,0,0,0,0,0
443,17,1719672048.2939065,1.8910062313079834,0,20,0,6157,0.0,0.0,71,1292,0,0,0,0,0,0,0,0
443,17,1719672048.3097417,0.22161483764648438,0,13,0,9330,0.0,0.0,73,1292,0,0,0,0,0,0,0,0
60861,17,1719672048.32841,1.9402928352355957,0,22,0,5530,0.0,0.0,63,1292,0,0,0,0,0,0,0,0
53028,17,1719672048.32841,0.188340425491333,0,13,0,5321,0.0,0.0,66,1292,0,0,0,0,0,0,0,0
443,17,1719672048.7448387,2.3419384956359863,0,21,0,6228,0.0,0.0,71,1292,0,0,0,0,0,0,0,0
60861,17,1719672048.7782114,2.39009428024292,0,23,0,5597,0.0,0.0,63,1292,0,0,0,0,0,0,0,0
443,6,1719672048.9143977,0.0,1,0,55,0,0,0,55,55,0,0,0,0,1,0,0,0
52197,6,1719672048.9608595,0.0,1,0,66,0,0,0,66,66,0,0,0,0,1,0,0,0
443,17,1719672049.58808,3.1851797103881836,0,22,0,6299,0.0,0.0,71,1292,0,0,0,0,0,0,0,0
60861,17,1719672049.6183367,3.230219602584839,0,24,0,5664,0.0,0.0,63,1292,0,0,0,0,0,0,0,0
443,6,1719672049.9808185,0.0,1,0,55,0,0,0,55,55,0,0,0,0,1,0,0,0
52075,6,1719672050.0280433,0.0,1,0,66,0,0,0,66,66,0,0,0,0,1,0,0,0
443,6,1719672050.0611298,0.0,1,0,55,0,0,0,55,55,0,0,0,0,1,0,0,0
52076,6,1719672050.1092954,0.0,1,0,66,0,0,0,66,66,0,0,0,0,1,0,0,0
443,6,1719672051.0451534,4.754048824310303,3,0,205,0,43.1211389651095,0.6310410580259926,54,97,0,0,0,1,3,0,0,0
52192,6,1719672051.0780678,4.827468395233154,3,0,412,0,85.34493988750421,0.6214437370449336,54,179,0,0,0,2,3,0,0,0
52192,6,1719672051.1080692,4.857469797134399,4,0,506,0,104.16945881959123,0.8234739827635671,54,179,0,0,0,3,4,0,0,0
443,6,1719672051.148895,4.857790470123291,4,0,259,0,53.31642062228068,0.8234196235101263,54,97,0,0,0,1,4,0,0,0
443,17,1719672051.2286458,4.825745582580566,0,23,0,6370,0.0,0.0,71,1292,0,0,0,0,0,0,0,0
60861,17,1719672051.2603672,4.872250080108643,0,25,0,5731,0.0,0.0,63,1292,0,0,0,0,0,0,0,0
5222,6,1719672052.4182737,5.200268268585205,3,0,304,0,58.45852257977968,0.5768933149320363,54,126,0,0,0,2,3,0,0,0
53561,6,1719672052.4302626,5.255360126495361,3,0,444,0,84.485171199122,0.5708457513454188,56,332,0,0,0,1,3,0,0,0
53561,6,1719672052.5782292,5.403326749801636,4,0,570,0,105.49056653309474,0.7402846774252262,56,332,0,0,0,2,4,0,0,0
5222,6,1719672052.637836,5.419830560684204,4,0,358,0,66.0537254793452,0.7380304522831866,54,126,0,0,0,2,4,0,0,0
443,17,1719672054.4681742,8.065274000167847,0,24,0,6441,0.0,0.0,71,1292,0,0,0,0,0,0,0,0
60861,17,1719672054.4982593,8.110142230987549,0,26,0,5798,0.0,0.0,63,1292,0,0,0,0,0,0,0,0
57621,17,1719672055.1086187,0.0,0,1,0,86,0,0,86,86,0,0,0,0,0,0,0,0
443,17,1719672055.4186015,0.0,0,1,0,1292,0,0,1292,1292,0,0,0,0,0,0,0,0
443,17,1719672055.4231787,0.004577159881591797,0,2,0,2584,0.0,0.0,1292,1292,0,0,0,0,0,0,0,0
443,17,1719672055.4503827,0.03178119659423828,0,3,0,3876,0.0,0.0,1292,1292,0,0,0,0,0,0,0,0
443,17,1719672055.4555278,0.03692626953125,0,4,0,4000,0.0,0.0,124,1292,0,0,0,0,0,0,0,0
443,17,1719672055.4555278,0.03692626953125,0,5,0,4357,0.0,0.0,124,1292,0,0,0,0,0,0,0,0
53,17,1719672055.4582045,10.553213596343994,0,5,0,428,0.0,0.0,75,92,0,0,0,0,0,0,0,0
49305,17,1719672055.4582045,10.544409036636353,0,5,0,819,0.0,0.0,91,300,0,0,0,0,0,0,0,0
52296,6,1719672055.4582045,0.0,1,0,54,0,0,0,54,54,1,0,0,0,1,0,0,0
52296,6,1719672055.4935148,0.03531026840209961,2,0,139,0,3936.531957704825,56.64074759287518,54,85,1,0,0,1,2,0,0,0
443,6,1719672055.4985554,0.0,1,0,54,0,0,0,54,54,0,0,0,0,1,0,0,0
443,6,1719672055.4985554,0.00039458274841308594,2,0,108,0,273706.8471299094,5068.645317220544,54,54,0,0,0,0,2,0,0,0
443,6,1719672055.4985554,0.00039458274841308594,3,0,162,0,410560.27069486404,7602.967975830816,54,54,1,0,0,0,3,0,0,0
443,6,1719672055.4985554,0.00039458274841308594,4,0,216,0,547413.6942598188,10137.290634441088,54,54,1,0,1,0,4,0,0,0
443,6,1719672055.503658,0.0,1,0,66,0,0,0,66,66,0,1,0,0,0,0,0,0
52308,6,1719672055.503658,0.0,1,0,66,0,0,0,66,66,0,1,0,0,1,0,0,0
443,6,1719672055.5285826,0.024924516677856445,2,0,120,0,4814.536688954573,80.24227814924288,54,66,0,1,0,0,1,0,0,0
443,6,1719672055.5285826,0.024924516677856445,3,0,1901,0,76270.28538085536,120.36341722386432,54,1781,0,1,0,1,2,0,0,0
52308,6,1719672055.533247,0.029588937759399414,2,0,120,0,4055.569719189396,67.5928286531566,54,66,0,1,0,0,2,0,0,0
52308,6,1719672055.5583184,0.05466032028198242,3,0,174,0,3183.2963857944187,54.884420444731354,54,66,0,1,0,0,3,0,0,0
52308,6,1719672055.5678122,0.06312179565429688,4,0,1640,0,25981.516891279385,63.369553393364356,54,1466,0,1,0,0,4,0,0,0
52308,6,1719672055.567924,0.06426596641540527,5,0,3106,0,48330.4021279832,77.80167760460914,54,1466,0,1,0,1,5,0,0,0
52308,6,1719672055.567924,0.06426596641540527,6,0,4572,0,71141.8540016546,93.36201312553098,54,1466,0,1,0,1,6,0,0,0
52308,6,1719672055.567924,0.06426596641540527,7,0,6038,0,93953.30587532601,108.9223486464528,54,1466,0,1,0,2,7,0,0,0
52308,6,1719672055.567924,0.06426596641540527,8,0,6224,0,96847.52828221746,124.48268416737463,54,1466,0,1,0,3,8,0,0,0
443,6,1719672055.567924,0.06426596641540527,4,0,1955,0,30420.455943402176,62.241342083687314,54,1781,0,1,0,1,3,0,0,0
443,6,1719672055.5779858,0.07432770729064941,5,0,2083,0,28024.542609052678,67.26966540819174,54,1781,0,1,0,2,4,0,0,0
443,6,1719672055.5984063,0.09474825859069824,6,0,2229,0,23525.4983379592,63.325702121020726,54,1781,0,1,0,3,5,0,0,0
443,6,1719672055.5984063,0.09474825859069824,7,0,2622,0,27673.331826886057,73.87998580785751,54,1781,0,1,0,4,6,0,0,0
52308,6,1719672055.608497,0.10483884811401367,9,0,7242,0,69077.44724669453,85.84604048884988,54,1466,0,1,0,4,9,0,0,0
52308,6,1719672055.6142397,0.11058163642883301,10,0,7327,0,66258.74093222915,90.43092798175127,54,1466,0,1,0,5,10,0,0,0
443,6,1719672055.6180334,0.11437535285949707,8,0,2676,0,23396.64913023086,69.94513940278284,54,1781,0,1,0,4,7,0,0,0
443,6,1719672055.6180334,0.11437535285949707,9,0,2761,0,24139.816236385428,78.6882818281307,54,1781,0,1,0,5,8,0,0,0
52308,6,1719672055.6230774,0.11437535285949707,11,0,7381,0,64533.134241492524,96.17456667882641,54,1466,0,1,0,5,11,0,0,0
52296,6,1719672055.6230774,0.1648728847503662,3,0,193,0,1170.5987936841223,18.195836171255785,54,85,1,0,0,1,3,0,0,0
52308,6,1719672055.630118,0.12645983695983887,12,0,7435,0,58793.370122414504,94.89178768916935,54,1466,0,1,0,5,12,0,0,0
52308,6,1719672055.6382382,0.13458013534545898,13,0,7726,0,57408.17528655199,96.59672258933159,54,1466,0,1,0,6,13,0,0,0
52308,6,1719672055.651089,0.1474308967590332,14,0,7811,0,52980.75350356583,94.95974254895935,54,1466,0,1,0,7,14,0,0,0
52308,6,1719672055.651089,0.1474308967590332,15,0,7904,0,53611.55750764105,101.74258130245646,54,1466,0,1,0,8,15,0,0,0
443,6,1719672055.651089,0.1474308967590332,10,0,2815,0,19093.69109109433,67.82838753497097,54,1781,0,1,0,5,9,0,0,0
443,6,1719672055.6585944,0.1549363136291504,11,0,2908,0,18769.00212664461,70.9969131338001,54,1781,0,1,0,6,10,0,0,0
443,6,1719672055.6585944,0.1549363136291504,12,0,2997,0,19343.431696545358,77.45117796414557,54,1781,0,1,0,7,11,0,0,0
443,17,1719672055.6622608,0.0,0,1,0,1292,0,0,1292,1292,0,0,0,0,0,0,0,0
443,17,1719672055.6622608,0.0,0,2,0,2584,0,0,1292,1292,0,0,0,0,0,0,0,0
443,17,1719672055.6622608,0.0,0,3,0,2705,0,0,121,1292,0,0,0,0,0,0,0,0
52308,6,1719672055.6785145,0.17485642433166504,16,0,7958,0,45511.624925518234,91.50364398194166,54,1466,0,1,0,8,16,0,0,0
49828,17,1719672055.6939678,0.0,0,1,0,1292,0,0,1292,1292,0,0,0,0,0,0,0,0
49828,17,1719672055.7259293,0.03196144104003906,0,2,0,2584,0.0,0.0,1292,1292,0,0,0,0,0,0,0,0
49828,17,1719672055.728374,0.034406185150146484,0,3,0,2938,0.0,0.0,354,1292,0,0,0,0,0,0,0,0
49828,17,1719672055.728374,0.034406185150146484,0,4,0,3918,0.0,0.0,354,1292,0,0,0,0,0,0,0,0
49828,17,1719672055.728374,0.034406185150146484,0,5,0,3993,0.0,0.0,75,1292,0,0,0,0,0,0,0,0
49828,17,1719672055.728374,0.034406185150146484,0,6,0,4059,0.0,0.0,66,1292,0,0,0,0,0,0,0,0
443,17,1719672055.7384398,0.07617902755737305,0,4,0,3997,0.0,0.0,121,1292,0,0,0,0,0,0,0,0
443,17,1719672055.7599435,0.09768271446228027,0,5,0,4070,0.0,0.0,73,1292,0,0,0,0,0,0,0,0
443,17,1719672055.7599435,0.09768271446228027,0,6,0,4830,0.0,0.0,73,1292,0,0,0,0,0,0,0,0
49828,17,1719672055.7599435,0.06597566604614258,0,7,0,4221,0.0,0.0,66,1292,0,0,0,0,0,0,0,0
49828,17,1719672055.7779388,0.08397102355957031,0,8,0,4292,0.0,0.0,66,1292,0,0,0,0,0,0,0,0
443,17,1719672055.7779388,0.11567807197570801,0,7,0,4904,0.0,0.0,73,1292,0,0,0,0,0,0,0,0
63350,17,1719672055.7779388,0.0,0,1,0,1292,0,0,1292,1292,0,0,0,0,0,0,0,0
63350,17,1719672055.7779388,0.0,0,2,0,2584,0,0,1292,1292,0,0,0,0,0,0,0,0
63350,17,1719672055.7779388,0.0,0,3,0,3876,0,0,1292,1292,0,0,0,0,0,0,0,0
63350,17,1719672055.7880545,0.010115623474121094,0,4,0,4224,0.0,0.0,348,1292,0,0,0,0,0,0,0,0
63350,17,1719672055.7880545,0.010115623474121094,0,5,0,5210,0.0,0.0,348,1292,0,0,0,0,0,0,0,0
63350,17,1719672055.7906754,0.01273655891418457,0,6,0,5279,0.0,0.0,69,1292,0,0,0,0,0,0,0,0
63350,17,1719672055.7906754,0.01273655891418457,0,7,0,5345,0.0,0.0,66,1292,0,0,0,0,0,0,0,0
63350,17,1719672055.7906754,0.01273655891418457,0,8,0,5409,0.0,0.0,64,1292,0,0,0,0,0,0,0,0
63350,17,1719672055.7906754,0.01273655891418457,0,9,0,5621,0.0,0.0,64,1292,0,0,0,0,0,0,0,0
63350,17,1719672055.7906754,0.01273655891418457,0,10,0,5684,0.0,0.0,63,1292,0,0,0,0,0,0,0,0
443,17,1719672055.7906754,0.3720738887786865,0,6,0,4477,0.0,0.0,120,1292,0,0,0,0,0,0,0,0
443,17,1719672055.7957618,0.37716031074523926,0,7,0,4550,0.0,0.0,73,1292,0,0,0,0,0,0,0,0
443,17,1719672055.7957618,0.37716031074523926,0,8,0,4623,0.0,0.0,73,1292,0,0,0,0,0,0,0,0
443,17,1719672055.7957618,0.37716031074523926,0,9,0,4700,0.0,0.0,73,1292,0,0,0,0,0,0,0,0
443,17,1719672055.7978873,0.3792858123779297,0,10,0,5250,0.0,0.0,73,1292,0,0,0,0,0,0,0,0
49828,17,1719672055.8180501,0.12408232688903809,0,9,0,5210,0.0,0.0,66,1292,0,0,0,0,0,0,0,0
443,17,1719672055.8227627,0.16050195693969727,0,8,0,4981,0.0,0.0,73,1292,0,0,0,0,0,0,0,0
443,17,1719672055.8227627,0.16050195693969727,0,9,0,5053,0.0,0.0,72,1292,0,0,0,0,0,0,0,0
443,17,1719672055.8227627,0.16050195693969727,0,10,0,5131,0.0,0.0,72,1292,0,0,0,0,0,0,0,0
49828,17,1719672055.8277848,0.13381695747375488,0,10,0,5273,0.0,0.0,63,1292,0,0,0,0,0,0,0,0
49828,17,1719672055.827959,0.13399124145507812,0,11,0,5338,0.0,0.0,63,1292,0,0,0,0,0,0,0,0
443,17,1719672055.8395312,0.17727041244506836,0,11,0,5205,0.0,0.0,72,1292,0,0,0,0,0,0,0,0
49828,17,1719672055.8480694,0.15410161018371582,0,12,0,5404,0.0,0.0,63,1292,0,0,0,0,0,0,0,0
63350,17,1719672056.128107,0.35016822814941406,0,11,0,5847,0.0,0.0,63,1292,0,0,0,0,0,0,0,0
63350,17,1719672056.1399899,0.36205101013183594,0,12,0,5914,0.0,0.0,63,1292,0,0,0,0,0,0,0,0
63350,17,1719672056.1399899,0.36205101013183594,0,13,0,5985,0.0,0.0,63,1292,0,0,0,0,0,0,0,0
63350,17,1719672056.1399899,0.36205101013183594,0,14,0,6801,0.0,0.0,63,1292,0,0,0,0,0,0,0,0
443,17,1719672056.1482432,0.7296416759490967,0,11,0,5324,0.0,0.0,73,1292,0,0,0,0,0,0,0,0
443,17,1719672056.1482432,0.7296416759490967,0,12,0,5401,0.0,0.0,73,1292,0,0,0,0,0,0,0,0
443,17,1719672056.1523314,0.7337298393249512,0,13,0,5473,0.0,0.0,72,1292,0,0,0,0,0,0,0,0
443,17,1719672056.1579812,0.7393796443939209,0,14,0,5551,0.0,0.0,72,1292,0,0,0,0,0,0,0,0
63350,17,1719672056.1579812,0.38004231452941895,0,15,0,6864,0.0,0.0,63,1292,0,0,0,0,0,0,0,0
443,17,1719672056.1684322,10.00686264038086,0,8,0,1000,0.0,0.0,75,226,0,0,0,0,0,0,0,0
443,17,1719672056.1897612,0.7711596488952637,0,15,0,5625,0.0,0.0,72,1292,0,0,0,0,0,0,0,0
57476,17,1719672056.2044973,10.016309976577759,0,8,0,961,0.0,0.0,68,406,0,0,0,0,0,0,0,0
443,17,1719672056.2204046,10.05883502960205,0,9,0,1075,0.0,0.0,75,226,0,0,0,0,0,0,0,0
57476,17,1719672056.248161,10.05997371673584,0,9,0,1076,0.0,0.0,68,406,0,0,0,0,0,0,0,0
443,17,1719672056.248161,10.086591482162476,0,10,0,1155,0.0,0.0,75,226,0,0,0,0,0,0,0,0
52192,6,1719672056.2525766,10.00197720527649,5,0,685,0,68.48645882122506,0.499901159279015,54,179,0,0,0,4,5,0,0,0
52185,6,1719672056.2583342,10.007734775543213,6,0,864,0,86.33322318967058,0.5995362721504901,54,179,0,0,0,5,6,0,0,0
52174,6,1719672056.2685735,10.009597063064575,2,0,284,0,28.372770473245154,0.19980824276933207,142,142,0,0,0,2,2,0,0,0
443,17,1719672056.278083,10.11651349067688,0,11,0,1318,0.0,0.0,75,226,0,0,0,0,0,0,0,0
57476,17,1719672056.278427,10.090239524841309,0,10,0,1144,0.0,0.0,68,406,0,0,0,0,0,0,0,0
443,6,1719672056.2999523,10.008847713470459,5,0,313,0,31.27233113745425,0.49955800539064293,54,97,0,0,0,1,5,0,0,0
443,6,1719672056.308556,10.017451524734497,6,0,367,0,36.63606448145273,0.5989547326668021,54,97,0,0,0,1,6,0,0,0
57476,17,1719672056.308556,10.120368719100952,0,11,0,1218,0.0,0.0,68,406,0,0,0,0,0,0,0,0
4070,6,1719672056.3180306,10.010031700134277,2,0,108,0,10.789176621543692,0.19979956706562393,54,54,0,0,0,0,2,0,0,0
443,17,1719672056.3183901,10.15682053565979,0,12,0,1393,0.0,0.0,75,226,0,0,0,0,0,0,0,0
57476,17,1719672056.3581405,10.169953107833862,0,12,0,1600,0.0,0.0,68,406,0,0,0,0,0,0,0,0
443,17,1719672056.3581405,10.196570873260498,0,13,0,1473,0.0,0.0,75,226,0,0,0,0,0,0,0,0
57476,17,1719672056.3981957,10.210008382797241,0,13,0,1668,0.0,0.0,68,406,0,0,0,0,0,0,0,0
63350,17,1719672056.4990523,0.7211134433746338,0,16,0,6929,0.0,0.0,63,1292,0,0,0,0,0,0,0,0
63350,17,1719672056.5284407,0.7505018711090088,0,17,0,6995,0.0,0.0,63,1292,0,0,0,0,0,0,0,0
53,17,1719672060.0529323,15.14794135093689,0,6,0,511,0.0,0.0,75,92,0,0,0,0,0,0,0,0
53,17,1719672060.0584037,15.153412818908691,0,7,0,594,0.0,0.0,75,92,0,0,0,0,0,0,0,0
60502,17,1719672060.0681257,15.154330253601074,0,6,0,962,0.0,0.0,91,300,0,0,0,0,0,0,0,0
53017,17,1719672060.0782967,15.164149522781372,0,7,0,1163,0.0,0.0,91,300,0,0,0,0,0,0,0,0
443,17,1719672060.0782967,0.0,0,1,0,1292,0,0,1292,1292,0,0,0,0,0,0,0,0
443,17,1719672060.1282597,0.04996299743652344,0,2,0,2584,0.0,0.0,1292,1292,0,0,0,0,0,0,0,0
63004,17,1719672060.138911,0.0,0,1,0,1292,0,0,1292,1292,0,0,0,0,0,0,0,0
443,6,1719672060.1399922,0.0,1,0,54,0,0,0,54,54,1,0,0,0,1,0,0,0
443,6,1719672060.1435828,14.859468460083008,2,0,201,0,13.526728801904747,0.13459431643686315,55,146,0,0,0,1,2,0,0,0
443,6,1719672060.1451771,14.86106276512146,3,0,286,0,19.2449224204365,0.20186981559898423,55,146,0,0,0,2,3,0,0,0
443,6,1719672060.1582828,14.874168395996094,4,0,1211,0,81.41631637880228,0.26892259745269126,55,925,0,0,0,3,4,0,0,0
443,6,1719672060.1582828,14.874168395996094,5,0,1809,0,121.62024469797963,0.33615324681586406,55,925,0,0,0,4,5,0,0,0
63004,17,1719672060.1582828,0.020112276077270508,0,2,0,2584,0.0,0.0,1292,1292,0,0,0,0,0,0,0,0
443,17,1719672060.1689837,0.09068703651428223,0,3,0,3876,0.0,0.0,1292,1292,0,0,0,0,0,0,0,0
443,17,1719672060.1689837,0.09068703651428223,0,4,0,4081,0.0,0.0,205,1292,0,0,0,0,0,0,0,0
52302,6,1719672060.1689837,14.860418796539307,2,0,120,0,8.075142540931996,0.13458570901553327,54,66,0,0,0,0,2,0,0,0
52302,6,1719672060.1781888,14.869623899459839,3,0,174,0,11.701708205701209,0.2017535897534691,54,66,0,0,0,0,3,0,0,0
52302,6,1719672060.1781888,14.869623899459839,4,0,228,0,15.333272821263654,0.2690047863379588,54,66,0,0,0,0,4,0,0,0
52286,6,1719672060.1781888,0.0,1,0,54,0,0,0,54,54,1,0,0,0,1,0,0,0
52302,6,1719672060.1879427,14.879377841949463,5,0,313,0,21.03582578013164,0.3360355555931572,54,85,0,0,0,1,5,0,0,0
52302,6,1719672060.1879427,14.879377841949463,6,0,367,0,24.665009780537737,0.40324266671178866,54,85,0,0,0,1,6,0,0,0
443,6,1719672060.1929681,0.05297589302062988,2,0,108,0,2038.663132265512,37.753020967879856,54,54,1,0,0,0,2,0,0,0
63004,17,1719672060.1982033,0.06003284454345703,0,3,0,3144,0.0,0.0,560,1292,0,0,0,0,0,0,0,0
63004,17,1719672060.2079837,0.06981325149536133,0,4,0,3307,0.0,0.0,163,1292,0,0,0,0,0,0,0,0
443,17,1719672060.2182915,0.13999485969543457,0,5,0,4154,0.0,0.0,73,1292,0,0,0,0,0,0,0,0
63004,17,1719672060.2182915,0.08012104034423828,0,5,0,3373,0.0,0.0,66,1292,0,0,0,0,0,0,0,0
443,6,1719672060.2323616,14.948247194290161,6,0,1863,0,124.62999680066953,0.4013848528201917,54,925,0,0,0,4,6,0,0,0
52302,6,1719672060.237885,14.929320096969604,7,0,672,0,45.0120967087044,0.46887600738233753,54,305,0,0,0,2,7,0,0,0
443,6,1719672060.237885,14.953770637512207,7,0,1956,0,130.80312968645418,0.46810935981859886,54,925,0,0,0,5,7,0,0,0
52302,6,1719672060.2712097,14.962644815444946,8,0,726,0,48.520833646375024,0.5346648335688708,54,305,0,0,0,2,8,0,0,0
443,17,1719672060.9003146,14.497414350509644,0,25,0,6512,0.0,0.0,71,1292,0,0,0,0,0,0,0,0
60861,17,1719672060.932432,14.544314861297607,0,27,0,5865,0.0,0.0,63,1292,0,0,0,0,0,0,0,0
443,6,1719672061.7179039,0.0,1,0,55,0,0,0,55,55,0,0,0,0,1,0,0,0
65400,6,1719672061.7507074,0.0,1,0,66,0,0,0,66,66,0,0,0,0,1,0,0,0
